datetime_utc,name,value,fire_name,id
2017-10-07T01:00:00Z,GOES Active Fire detections,0,Tubbs,74238
2017-10-07T01:00:00Z,VPD (kPa),3.1318,Tubbs,74238
2017-10-07T02:00:00Z,GOES Active Fire detections,0,Tubbs,74238
2017-10-07T02:00:00Z,VPD (kPa),2.9585,Tubbs,74238
2017-10-07T03:00:00Z,GOES Active Fire detections,0,Tubbs,74238
2017-10-07T03:00:00Z,VPD (kPa),1.9659,Tubbs,74238
2017-10-07T04:00:00Z,GOES Active Fire detections,0,Tubbs,74238
2017-10-07T04:00:00Z,VPD (kPa),1.2241,Tubbs,74238
2017-10-07T05:00:00Z,GOES Active Fire detections,0,Tubbs,74238
2017-10-07T05:00:00Z,VPD (kPa),1.0788,Tubbs,74238
2017-10-07T06:00:00Z,GOES Active Fire detections,0,Tubbs,74238
2017-10-07T06:00:00Z,VPD (kPa),0.93876,Tubbs,74238
2017-10-07T07:00:00Z,GOES Active Fire detections,0,Tubbs,74238
2017-10-07T07:00:00Z,VPD (kPa),0.88301,Tubbs,74238
2017-10-07T08:00:00Z,GOES Active Fire detections,0,Tubbs,74238
2017-10-07T08:00:00Z,VPD (kPa),0.81312,Tubbs,74238
2017-10-07T09:00:00Z,GOES Active Fire detections,0,Tubbs,74238
2017-10-07T09:00:00Z,VPD (kPa),0.7176,Tubbs,74238
2017-10-07T10:00:00Z,GOES Active Fire detections,0,Tubbs,74238
2017-10-07T10:00:00Z,VPD (kPa),0.57194,Tubbs,74238
2017-10-07T11:00:00Z,GOES Active Fire detections,0,Tubbs,74238
2017-10-07T11:00:00Z,VPD (kPa),0.4991,Tubbs,74238
2017-10-07T12:00:00Z,GOES Active Fire detections,0,Tubbs,74238
2017-10-07T12:00:00Z,VPD (kPa),0.3606,Tubbs,74238
2017-10-07T13:00:00Z,GOES Active Fire detections,0,Tubbs,74238
2017-10-07T13:00:00Z,VPD (kPa),0.30116,Tubbs,74238
2017-10-07T14:00:00Z,GOES Active Fire detections,0,Tubbs,74238
2017-10-07T14:00:00Z,VPD (kPa),0.2894,Tubbs,74238
2017-10-07T15:00:00Z,GOES Active Fire detections,0,Tubbs,74238
2017-10-07T15:00:00Z,VPD (kPa),0.29042,Tubbs,74238
2017-10-07T16:00:00Z,GOES Active Fire detections,0,Tubbs,74238
2017-10-07T16:00:00Z,VPD (kPa),0.45544,Tubbs,74238
2017-10-07T17:00:00Z,GOES Active Fire detections,0,Tubbs,74238
2017-10-07T17:00:00Z,VPD (kPa),0.99252,Tubbs,74238
2017-10-07T18:00:00Z,GOES Active Fire detections,0,Tubbs,74238
2017-10-07T18:00:00Z,VPD (kPa),1.7219,Tubbs,74238
2017-10-07T19:00:00Z,GOES Active Fire detections,0,Tubbs,74238
2017-10-07T19:00:00Z,VPD (kPa),2.249,Tubbs,74238
2017-10-07T20:00:00Z,GOES Active Fire detections,0,Tubbs,74238
2017-10-07T20:00:00Z,VPD (kPa),2.5964,Tubbs,74238
2017-10-07T21:00:00Z,GOES Active Fire detections,0,Tubbs,74238
2017-10-07T21:00:00Z,VPD (kPa),2.8776,Tubbs,74238
2017-10-07T22:00:00Z,GOES Active Fire detections,0,Tubbs,74238
2017-10-07T22:00:00Z,VPD (kPa),3.3596,Tubbs,74238
2017-10-07T23:00:00Z,GOES Active Fire detections,0,Tubbs,74238
2017-10-07T23:00:00Z,VPD (kPa),3.2017,Tubbs,74238
2017-10-08T00:00:00Z,GOES Active Fire detections,0,Tubbs,74238
2017-10-08T00:00:00Z,VPD (kPa),2.9219,Tubbs,74238
2017-10-08T01:00:00Z,GOES Active Fire detections,0,Tubbs,74238
2017-10-08T01:00:00Z,VPD (kPa),2.6226,Tubbs,74238
2017-10-08T02:00:00Z,GOES Active Fire detections,0,Tubbs,74238
2017-10-08T02:00:00Z,VPD (kPa),2.4265,Tubbs,74238
2017-10-08T03:00:00Z,GOES Active Fire detections,0,Tubbs,74238
2017-10-08T03:00:00Z,VPD (kPa),1.8583,Tubbs,74238
2017-10-08T04:00:00Z,GOES Active Fire detections,0,Tubbs,74238
2017-10-08T04:00:00Z,VPD (kPa),1.1275,Tubbs,74238
2017-10-08T05:00:00Z,GOES Active Fire detections,0,Tubbs,74238
2017-10-08T05:00:00Z,VPD (kPa),0.96024,Tubbs,74238
2017-10-08T06:00:00Z,GOES Active Fire detections,0,Tubbs,74238
2017-10-08T06:00:00Z,VPD (kPa),0.90428,Tubbs,74238
2017-10-08T07:00:00Z,GOES Active Fire detections,0,Tubbs,74238
2017-10-08T07:00:00Z,VPD (kPa),0.84649,Tubbs,74238
2017-10-08T08:00:00Z,GOES Active Fire detections,0,Tubbs,74238
2017-10-08T08:00:00Z,VPD (kPa),0.77913,Tubbs,74238
2017-10-08T09:00:00Z,GOES Active Fire detections,0,Tubbs,74238
2017-10-08T09:00:00Z,VPD (kPa),0.74499,Tubbs,74238
2017-10-08T10:00:00Z,GOES Active Fire detections,0,Tubbs,74238
2017-10-08T10:00:00Z,VPD (kPa),0.55613,Tubbs,74238
2017-10-08T11:00:00Z,GOES Active Fire detections,0,Tubbs,74238
2017-10-08T11:00:00Z,VPD (kPa),0.53312,Tubbs,74238
2017-10-08T12:00:00Z,GOES Active Fire detections,0,Tubbs,74238
2017-10-08T12:00:00Z,VPD (kPa),0.55627,Tubbs,74238
2017-10-08T13:00:00Z,GOES Active Fire detections,0,Tubbs,74238
2017-10-08T13:00:00Z,VPD (kPa),0.52503,Tubbs,74238
2017-10-08T14:00:00Z,GOES Active Fire detections,0,Tubbs,74238
2017-10-08T14:00:00Z,VPD (kPa),0.48647,Tubbs,74238
2017-10-08T15:00:00Z,GOES Active Fire detections,0,Tubbs,74238
2017-10-08T15:00:00Z,VPD (kPa),0.47835,Tubbs,74238
2017-10-08T16:00:00Z,GOES Active Fire detections,0,Tubbs,74238
2017-10-08T16:00:00Z,VPD (kPa),0.50006,Tubbs,74238
2017-10-08T17:00:00Z,GOES Active Fire detections,0,Tubbs,74238
2017-10-08T17:00:00Z,VPD (kPa),0.98965,Tubbs,74238
2017-10-08T18:00:00Z,GOES Active Fire detections,0,Tubbs,74238
2017-10-08T18:00:00Z,VPD (kPa),1.6062,Tubbs,74238
2017-10-08T19:00:00Z,GOES Active Fire detections,0,Tubbs,74238
2017-10-08T19:00:00Z,VPD (kPa),2.2457,Tubbs,74238
2017-10-08T20:00:00Z,GOES Active Fire detections,0,Tubbs,74238
2017-10-08T20:00:00Z,VPD (kPa),2.7055,Tubbs,74238
2017-10-08T21:00:00Z,GOES Active Fire detections,0,Tubbs,74238
2017-10-08T21:00:00Z,VPD (kPa),3.0687,Tubbs,74238
2017-10-08T22:00:00Z,GOES Active Fire detections,0,Tubbs,74238
2017-10-08T22:00:00Z,VPD (kPa),3.4244,Tubbs,74238
2017-10-08T23:00:00Z,GOES Active Fire detections,0,Tubbs,74238
2017-10-08T23:00:00Z,VPD (kPa),3.4893,Tubbs,74238
2017-10-09T00:00:00Z,GOES Active Fire detections,0,Tubbs,74238
2017-10-09T00:00:00Z,VPD (kPa),3.4356,Tubbs,74238
2017-10-09T01:00:00Z,GOES Active Fire detections,0,Tubbs,74238
2017-10-09T01:00:00Z,VPD (kPa),3.0656,Tubbs,74238
2017-10-09T02:00:00Z,GOES Active Fire detections,0,Tubbs,74238
2017-10-09T02:00:00Z,VPD (kPa),2.7053,Tubbs,74238
2017-10-09T03:00:00Z,GOES Active Fire detections,0,Tubbs,74238
2017-10-09T03:00:00Z,VPD (kPa),2.4985,Tubbs,74238
2017-10-09T04:00:00Z,GOES Active Fire detections,0,Tubbs,74238
2017-10-09T04:00:00Z,VPD (kPa),2.1883,Tubbs,74238
2017-10-09T05:00:00Z,GOES Active Fire detections,2,Tubbs,74238
2017-10-09T05:00:00Z,VPD (kPa),2.084,Tubbs,74238
2017-10-09T06:00:00Z,GOES Active Fire detections,4,Tubbs,74238
2017-10-09T06:00:00Z,VPD (kPa),1.9709,Tubbs,74238
2017-10-09T07:00:00Z,GOES Active Fire detections,16,Tubbs,74238
2017-10-09T07:00:00Z,VPD (kPa),2.0034,Tubbs,74238
2017-10-09T08:00:00Z,GOES Active Fire detections,30,Tubbs,74238
2017-10-09T08:00:00Z,VPD (kPa),1.9938,Tubbs,74238
2017-10-09T09:00:00Z,GOES Active Fire detections,21,Tubbs,74238
2017-10-09T09:00:00Z,VPD (kPa),1.9832,Tubbs,74238
2017-10-09T10:00:00Z,GOES Active Fire detections,34,Tubbs,74238
2017-10-09T10:00:00Z,VPD (kPa),2.0169,Tubbs,74238
2017-10-09T11:00:00Z,GOES Active Fire detections,34,Tubbs,74238
2017-10-09T11:00:00Z,VPD (kPa),1.8241,Tubbs,74238
2017-10-09T12:00:00Z,GOES Active Fire detections,16,Tubbs,74238
2017-10-09T12:00:00Z,VPD (kPa),1.7239,Tubbs,74238
2017-10-09T13:00:00Z,GOES Active Fire detections,16,Tubbs,74238
2017-10-09T13:00:00Z,VPD (kPa),1.6204,Tubbs,74238
2017-10-09T14:00:00Z,GOES Active Fire detections,15,Tubbs,74238
2017-10-09T14:00:00Z,VPD (kPa),1.4682,Tubbs,74238
2017-10-09T15:00:00Z,GOES Active Fire detections,9,Tubbs,74238
2017-10-09T15:00:00Z,VPD (kPa),1.5052,Tubbs,74238
2017-10-09T16:00:00Z,GOES Active Fire detections,6,Tubbs,74238
2017-10-09T16:00:00Z,VPD (kPa),1.45,Tubbs,74238
2017-10-09T17:00:00Z,GOES Active Fire detections,8,Tubbs,74238
2017-10-09T17:00:00Z,VPD (kPa),1.7999,Tubbs,74238
2017-10-09T18:00:00Z,GOES Active Fire detections,8,Tubbs,74238
2017-10-09T18:00:00Z,VPD (kPa),2.1658,Tubbs,74238
2017-10-09T19:00:00Z,GOES Active Fire detections,12,Tubbs,74238
2017-10-09T19:00:00Z,VPD (kPa),2.3719,Tubbs,74238
2017-10-09T20:00:00Z,GOES Active Fire detections,9,Tubbs,74238
2017-10-09T20:00:00Z,VPD (kPa),2.596,Tubbs,74238
2017-10-09T21:00:00Z,GOES Active Fire detections,3,Tubbs,74238
2017-10-09T21:00:00Z,VPD (kPa),2.69,Tubbs,74238
2017-10-09T22:00:00Z,GOES Active Fire detections,6,Tubbs,74238
2017-10-09T22:00:00Z,VPD (kPa),3.0973,Tubbs,74238
2017-10-09T23:00:00Z,GOES Active Fire detections,8,Tubbs,74238
2017-10-09T23:00:00Z,VPD (kPa),3.1887,Tubbs,74238
2017-10-10T00:00:00Z,GOES Active Fire detections,4,Tubbs,74238
2017-10-10T00:00:00Z,VPD (kPa),3.2699,Tubbs,74238
2017-10-10T01:00:00Z,GOES Active Fire detections,5,Tubbs,74238
2017-10-10T01:00:00Z,VPD (kPa),3.0188,Tubbs,74238
2017-10-10T02:00:00Z,GOES Active Fire detections,6,Tubbs,74238
2017-10-10T02:00:00Z,VPD (kPa),2.9052,Tubbs,74238
2017-10-10T03:00:00Z,GOES Active Fire detections,4,Tubbs,74238
2017-10-10T03:00:00Z,VPD (kPa),2.2969,Tubbs,74238
2017-10-10T04:00:00Z,GOES Active Fire detections,5,Tubbs,74238
2017-10-10T04:00:00Z,VPD (kPa),1.686,Tubbs,74238
2017-10-10T05:00:00Z,GOES Active Fire detections,7,Tubbs,74238
2017-10-10T05:00:00Z,VPD (kPa),1.3881,Tubbs,74238
2017-10-10T06:00:00Z,GOES Active Fire detections,4,Tubbs,74238
2017-10-10T06:00:00Z,VPD (kPa),1.5073,Tubbs,74238
2017-10-10T07:00:00Z,GOES Active Fire detections,1,Tubbs,74238
2017-10-10T07:00:00Z,VPD (kPa),1.3391,Tubbs,74238
2017-10-10T08:00:00Z,GOES Active Fire detections,0,Tubbs,74238
2017-10-10T08:00:00Z,VPD (kPa),1.2217,Tubbs,74238
2017-10-10T09:00:00Z,GOES Active Fire detections,2,Tubbs,74238
2017-10-10T09:00:00Z,VPD (kPa),1.0106,Tubbs,74238
2017-10-10T10:00:00Z,GOES Active Fire detections,2,Tubbs,74238
2017-10-10T10:00:00Z,VPD (kPa),0.91165,Tubbs,74238
2017-10-10T11:00:00Z,GOES Active Fire detections,6,Tubbs,74238
2017-10-10T11:00:00Z,VPD (kPa),0.48,Tubbs,74238
2017-10-10T12:00:00Z,GOES Active Fire detections,3,Tubbs,74238
2017-10-10T12:00:00Z,VPD (kPa),0.49485,Tubbs,74238
2017-10-10T13:00:00Z,GOES Active Fire detections,3,Tubbs,74238
2017-10-10T13:00:00Z,VPD (kPa),0.54688,Tubbs,74238
2017-10-10T14:00:00Z,GOES Active Fire detections,4,Tubbs,74238
2017-10-10T14:00:00Z,VPD (kPa),0.62494,Tubbs,74238
2017-10-10T15:00:00Z,GOES Active Fire detections,0,Tubbs,74238
2017-10-10T15:00:00Z,VPD (kPa),0.64741,Tubbs,74238
2017-10-10T16:00:00Z,GOES Active Fire detections,1,Tubbs,74238
2017-10-10T16:00:00Z,VPD (kPa),0.85916,Tubbs,74238
2017-10-10T17:00:00Z,GOES Active Fire detections,1,Tubbs,74238
2017-10-10T17:00:00Z,VPD (kPa),1.1123,Tubbs,74238
2017-10-10T18:00:00Z,GOES Active Fire detections,0,Tubbs,74238
2017-10-10T18:00:00Z,VPD (kPa),1.6447,Tubbs,74238
2017-10-10T19:00:00Z,GOES Active Fire detections,0,Tubbs,74238
2017-10-10T19:00:00Z,VPD (kPa),1.9369,Tubbs,74238
2017-10-10T20:00:00Z,GOES Active Fire detections,6,Tubbs,74238
2017-10-10T20:00:00Z,VPD (kPa),2.24,Tubbs,74238
2017-10-10T21:00:00Z,GOES Active Fire detections,2,Tubbs,74238
2017-10-10T21:00:00Z,VPD (kPa),2.4357,Tubbs,74238
2017-10-10T22:00:00Z,GOES Active Fire detections,7,Tubbs,74238
2017-10-10T22:00:00Z,VPD (kPa),2.6519,Tubbs,74238
2017-10-10T23:00:00Z,GOES Active Fire detections,4,Tubbs,74238
2017-10-10T23:00:00Z,VPD (kPa),2.4021,Tubbs,74238
2017-10-11T00:00:00Z,GOES Active Fire detections,3,Tubbs,74238
2017-10-11T00:00:00Z,VPD (kPa),2.203,Tubbs,74238
2017-10-11T01:00:00Z,GOES Active Fire detections,8,Tubbs,74238
2017-10-11T01:00:00Z,VPD (kPa),1.9411,Tubbs,74238
2017-10-11T02:00:00Z,GOES Active Fire detections,8,Tubbs,74238
2017-10-11T02:00:00Z,VPD (kPa),1.823,Tubbs,74238
2017-10-11T03:00:00Z,GOES Active Fire detections,5,Tubbs,74238
2017-10-11T03:00:00Z,VPD (kPa),1.4378,Tubbs,74238
2017-10-11T04:00:00Z,GOES Active Fire detections,0,Tubbs,74238
2017-10-11T04:00:00Z,VPD (kPa),1.0305,Tubbs,74238
2017-10-11T05:00:00Z,GOES Active Fire detections,4,Tubbs,74238
2017-10-11T05:00:00Z,VPD (kPa),0.89679,Tubbs,74238
2017-10-11T06:00:00Z,GOES Active Fire detections,0,Tubbs,74238
2017-10-11T06:00:00Z,VPD (kPa),0.81403,Tubbs,74238
2017-10-11T07:00:00Z,GOES Active Fire detections,0,Tubbs,74238
2017-10-11T07:00:00Z,VPD (kPa),0.75338,Tubbs,74238
2017-10-11T08:00:00Z,GOES Active Fire detections,1,Tubbs,74238
2017-10-11T08:00:00Z,VPD (kPa),0.66263,Tubbs,74238
2017-10-11T09:00:00Z,GOES Active Fire detections,0,Tubbs,74238
2017-10-11T09:00:00Z,VPD (kPa),0.60589,Tubbs,74238
2017-10-11T10:00:00Z,GOES Active Fire detections,0,Tubbs,74238
2017-10-11T10:00:00Z,VPD (kPa),0.53596,Tubbs,74238
2017-10-11T11:00:00Z,GOES Active Fire detections,2,Tubbs,74238
2017-10-11T11:00:00Z,VPD (kPa),0.37333,Tubbs,74238
2017-10-11T12:00:00Z,GOES Active Fire detections,0,Tubbs,74238
2017-10-11T12:00:00Z,VPD (kPa),0.40953,Tubbs,74238
2017-10-11T13:00:00Z,GOES Active Fire detections,2,Tubbs,74238
2017-10-11T13:00:00Z,VPD (kPa),0.42105,Tubbs,74238
2017-10-11T14:00:00Z,GOES Active Fire detections,6,Tubbs,74238
2017-10-11T14:00:00Z,VPD (kPa),0.44905,Tubbs,74238
2017-10-11T15:00:00Z,GOES Active Fire detections,0,Tubbs,74238
2017-10-11T15:00:00Z,VPD (kPa),0.4889,Tubbs,74238
2017-10-11T16:00:00Z,GOES Active Fire detections,0,Tubbs,74238
2017-10-11T16:00:00Z,VPD (kPa),0.61838,Tubbs,74238
2017-10-11T17:00:00Z,GOES Active Fire detections,4,Tubbs,74238
2017-10-11T17:00:00Z,VPD (kPa),0.85759,Tubbs,74238
2017-10-11T18:00:00Z,GOES Active Fire detections,1,Tubbs,74238
2017-10-11T18:00:00Z,VPD (kPa),1.2319,Tubbs,74238
2017-10-11T19:00:00Z,GOES Active Fire detections,3,Tubbs,74238
2017-10-11T19:00:00Z,VPD (kPa),1.5398,Tubbs,74238
2017-10-11T20:00:00Z,GOES Active Fire detections,7,Tubbs,74238
2017-10-11T20:00:00Z,VPD (kPa),1.7772,Tubbs,74238
2017-10-11T21:00:00Z,GOES Active Fire detections,1,Tubbs,74238
2017-10-11T21:00:00Z,VPD (kPa),1.984,Tubbs,74238
2017-10-11T22:00:00Z,GOES Active Fire detections,8,Tubbs,74238
2017-10-11T22:00:00Z,VPD (kPa),2.1992,Tubbs,74238
2017-10-11T23:00:00Z,GOES Active Fire detections,7,Tubbs,74238
2017-10-11T23:00:00Z,VPD (kPa),2.2536,Tubbs,74238
2017-10-12T00:00:00Z,GOES Active Fire detections,7,Tubbs,74238
2017-10-12T00:00:00Z,VPD (kPa),2.2116,Tubbs,74238
2017-10-12T01:00:00Z,GOES Active Fire detections,3,Tubbs,74238
2017-10-12T01:00:00Z,VPD (kPa),2.0581,Tubbs,74238
2017-10-12T02:00:00Z,GOES Active Fire detections,2,Tubbs,74238
2017-10-12T02:00:00Z,VPD (kPa),1.8057,Tubbs,74238
2017-10-12T03:00:00Z,GOES Active Fire detections,0,Tubbs,74238
2017-10-12T03:00:00Z,VPD (kPa),1.4426,Tubbs,74238
2017-10-12T04:00:00Z,GOES Active Fire detections,0,Tubbs,74238
2017-10-12T04:00:00Z,VPD (kPa),1.0308,Tubbs,74238
2017-10-12T05:00:00Z,GOES Active Fire detections,0,Tubbs,74238
2017-10-12T05:00:00Z,VPD (kPa),0.83865,Tubbs,74238
2017-10-12T06:00:00Z,GOES Active Fire detections,0,Tubbs,74238
2017-10-12T06:00:00Z,VPD (kPa),0.78329,Tubbs,74238
2017-10-12T07:00:00Z,GOES Active Fire detections,1,Tubbs,74238
2017-10-12T07:00:00Z,VPD (kPa),0.76934,Tubbs,74238
2017-10-12T08:00:00Z,GOES Active Fire detections,3,Tubbs,74238
2017-10-12T08:00:00Z,VPD (kPa),0.71737,Tubbs,74238
2017-10-12T09:00:00Z,GOES Active Fire detections,1,Tubbs,74238
2017-10-12T09:00:00Z,VPD (kPa),0.65978,Tubbs,74238
2017-10-12T10:00:00Z,GOES Active Fire detections,9,Tubbs,74238
2017-10-12T10:00:00Z,VPD (kPa),0.59361,Tubbs,74238
2017-10-12T11:00:00Z,GOES Active Fire detections,10,Tubbs,74238
2017-10-12T11:00:00Z,VPD (kPa),0.3992,Tubbs,74238
2017-10-12T12:00:00Z,GOES Active Fire detections,7,Tubbs,74238
2017-10-12T12:00:00Z,VPD (kPa),0.34161,Tubbs,74238
2017-10-12T13:00:00Z,GOES Active Fire detections,9,Tubbs,74238
2017-10-12T13:00:00Z,VPD (kPa),0.31628,Tubbs,74238
2017-10-12T14:00:00Z,GOES Active Fire detections,10,Tubbs,74238
2017-10-12T14:00:00Z,VPD (kPa),0.32147,Tubbs,74238
2017-10-12T15:00:00Z,GOES Active Fire detections,4,Tubbs,74238
2017-10-12T15:00:00Z,VPD (kPa),0.32444,Tubbs,74238
2017-10-12T16:00:00Z,GOES Active Fire detections,6,Tubbs,74238
2017-10-12T16:00:00Z,VPD (kPa),0.35129,Tubbs,74238
2017-10-12T17:00:00Z,GOES Active Fire detections,8,Tubbs,74238
2017-10-12T17:00:00Z,VPD (kPa),0.70791,Tubbs,74238
2017-10-12T18:00:00Z,GOES Active Fire detections,4,Tubbs,74238
2017-10-12T18:00:00Z,VPD (kPa),1.1708,Tubbs,74238
2017-10-12T19:00:00Z,GOES Active Fire detections,6,Tubbs,74238
2017-10-12T19:00:00Z,VPD (kPa),1.5705,Tubbs,74238
2017-10-12T20:00:00Z,GOES Active Fire detections,3,Tubbs,74238
2017-10-12T20:00:00Z,VPD (kPa),1.9082,Tubbs,74238
2017-10-12T21:00:00Z,GOES Active Fire detections,0,Tubbs,74238
2017-10-12T21:00:00Z,VPD (kPa),2.1581,Tubbs,74238
2017-10-12T22:00:00Z,GOES Active Fire detections,1,Tubbs,74238
2017-10-12T22:00:00Z,VPD (kPa),2.4284,Tubbs,74238
2017-10-12T23:00:00Z,GOES Active Fire detections,3,Tubbs,74238
2017-10-12T23:00:00Z,VPD (kPa),2.4217,Tubbs,74238
2017-10-13T00:00:00Z,GOES Active Fire detections,2,Tubbs,74238
2017-10-13T00:00:00Z,VPD (kPa),2.4498,Tubbs,74238
2017-10-13T01:00:00Z,GOES Active Fire detections,0,Tubbs,74238
2017-10-13T01:00:00Z,VPD (kPa),2.3685,Tubbs,74238
2017-10-13T02:00:00Z,GOES Active Fire detections,0,Tubbs,74238
2017-10-13T02:00:00Z,VPD (kPa),2.0092,Tubbs,74238
2017-10-13T03:00:00Z,GOES Active Fire detections,0,Tubbs,74238
2017-10-13T03:00:00Z,VPD (kPa),1.4627,Tubbs,74238
2017-10-13T04:00:00Z,GOES Active Fire detections,0,Tubbs,74238
2017-10-13T04:00:00Z,VPD (kPa),1.0471,Tubbs,74238
2017-10-13T05:00:00Z,GOES Active Fire detections,0,Tubbs,74238
2017-10-13T05:00:00Z,VPD (kPa),0.85086,Tubbs,74238
2017-10-13T06:00:00Z,GOES Active Fire detections,0,Tubbs,74238
2017-10-13T06:00:00Z,VPD (kPa),0.77678,Tubbs,74238
2017-10-13T07:00:00Z,GOES Active Fire detections,0,Tubbs,74238
2017-10-13T07:00:00Z,VPD (kPa),0.74281,Tubbs,74238
2017-10-13T08:00:00Z,GOES Active Fire detections,0,Tubbs,74238
2017-10-13T08:00:00Z,VPD (kPa),0.67181,Tubbs,74238
2017-10-13T09:00:00Z,GOES Active Fire detections,0,Tubbs,74238
2017-10-13T09:00:00Z,VPD (kPa),0.47766,Tubbs,74238
2017-10-13T10:00:00Z,GOES Active Fire detections,0,Tubbs,74238
2017-10-13T10:00:00Z,VPD (kPa),0.36154,Tubbs,74238
2017-10-13T11:00:00Z,GOES Active Fire detections,0,Tubbs,74238
2017-10-13T11:00:00Z,VPD (kPa),0.39962,Tubbs,74238
2017-10-13T12:00:00Z,GOES Active Fire detections,0,Tubbs,74238
2017-10-13T12:00:00Z,VPD (kPa),0.36531,Tubbs,74238
2017-10-13T13:00:00Z,GOES Active Fire detections,0,Tubbs,74238
2017-10-13T13:00:00Z,VPD (kPa),0.36879,Tubbs,74238
2017-10-13T14:00:00Z,GOES Active Fire detections,0,Tubbs,74238
2017-10-13T14:00:00Z,VPD (kPa),0.32203,Tubbs,74238
2017-10-13T15:00:00Z,GOES Active Fire detections,0,Tubbs,74238
2017-10-13T15:00:00Z,VPD (kPa),0.28061,Tubbs,74238
2017-10-13T16:00:00Z,GOES Active Fire detections,0,Tubbs,74238
2017-10-13T16:00:00Z,VPD (kPa),0.29201,Tubbs,74238
2017-10-13T17:00:00Z,GOES Active Fire detections,0,Tubbs,74238
2017-10-13T17:00:00Z,VPD (kPa),0.66928,Tubbs,74238
2017-10-13T18:00:00Z,GOES Active Fire detections,0,Tubbs,74238
2017-10-13T18:00:00Z,VPD (kPa),1.2613,Tubbs,74238
2017-10-13T19:00:00Z,GOES Active Fire detections,0,Tubbs,74238
2017-10-13T19:00:00Z,VPD (kPa),1.6072,Tubbs,74238
2017-10-13T20:00:00Z,GOES Active Fire detections,0,Tubbs,74238
2017-10-13T20:00:00Z,VPD (kPa),1.8585,Tubbs,74238
2017-10-13T21:00:00Z,GOES Active Fire detections,0,Tubbs,74238
2017-10-13T21:00:00Z,VPD (kPa),2.0225,Tubbs,74238
2017-10-13T22:00:00Z,GOES Active Fire detections,0,Tubbs,74238
2017-10-13T22:00:00Z,VPD (kPa),2.4082,Tubbs,74238
2017-10-13T23:00:00Z,GOES Active Fire detections,2,Tubbs,74238
2017-10-13T23:00:00Z,VPD (kPa),2.4161,Tubbs,74238
2017-10-14T00:00:00Z,GOES Active Fire detections,4,Tubbs,74238
2017-10-14T00:00:00Z,VPD (kPa),2.3878,Tubbs,74238
2017-10-14T01:00:00Z,GOES Active Fire detections,0,Tubbs,74238
2017-10-14T01:00:00Z,VPD (kPa),2.236,Tubbs,74238
2017-10-14T02:00:00Z,GOES Active Fire detections,0,Tubbs,74238
2017-10-14T02:00:00Z,VPD (kPa),1.8854,Tubbs,74238
2017-10-14T03:00:00Z,GOES Active Fire detections,0,Tubbs,74238
2017-10-14T03:00:00Z,VPD (kPa),1.3507,Tubbs,74238
2017-10-14T04:00:00Z,GOES Active Fire detections,0,Tubbs,74238
2017-10-14T04:00:00Z,VPD (kPa),0.97297,Tubbs,74238
2017-10-14T05:00:00Z,GOES Active Fire detections,2,Tubbs,74238
2017-10-14T05:00:00Z,VPD (kPa),0.83754,Tubbs,74238
2017-10-14T06:00:00Z,GOES Active Fire detections,0,Tubbs,74238
2017-10-14T06:00:00Z,VPD (kPa),0.88932,Tubbs,74238
2017-10-14T07:00:00Z,GOES Active Fire detections,0,Tubbs,74238
2017-10-14T07:00:00Z,VPD (kPa),0.63321,Tubbs,74238
2017-10-14T08:00:00Z,GOES Active Fire detections,0,Tubbs,74238
2017-10-14T08:00:00Z,VPD (kPa),0.5666,Tubbs,74238
2017-10-14T09:00:00Z,GOES Active Fire detections,0,Tubbs,74238
2017-10-14T09:00:00Z,VPD (kPa),0.57665,Tubbs,74238
2017-10-14T10:00:00Z,GOES Active Fire detections,0,Tubbs,74238
2017-10-14T10:00:00Z,VPD (kPa),0.5173,Tubbs,74238
2017-10-14T11:00:00Z,GOES Active Fire detections,0,Tubbs,74238
2017-10-14T11:00:00Z,VPD (kPa),0.4509,Tubbs,74238
2017-10-14T12:00:00Z,GOES Active Fire detections,0,Tubbs,74238
2017-10-14T12:00:00Z,VPD (kPa),0.36919,Tubbs,74238
2017-10-14T13:00:00Z,GOES Active Fire detections,0,Tubbs,74238
2017-10-14T13:00:00Z,VPD (kPa),0.31789,Tubbs,74238
2017-10-14T14:00:00Z,GOES Active Fire detections,0,Tubbs,74238
2017-10-14T14:00:00Z,VPD (kPa),0.33544,Tubbs,74238
2017-10-14T15:00:00Z,GOES Active Fire detections,0,Tubbs,74238
2017-10-14T15:00:00Z,VPD (kPa),0.34155,Tubbs,74238
2017-10-14T16:00:00Z,GOES Active Fire detections,0,Tubbs,74238
2017-10-14T16:00:00Z,VPD (kPa),0.49876,Tubbs,74238
2017-10-14T17:00:00Z,GOES Active Fire detections,9,Tubbs,74238
2017-10-14T17:00:00Z,VPD (kPa),0.91358,Tubbs,74238
2017-10-14T18:00:00Z,GOES Active Fire detections,4,Tubbs,74238
2017-10-14T18:00:00Z,VPD (kPa),1.519,Tubbs,74238
2017-10-14T19:00:00Z,GOES Active Fire detections,2,Tubbs,74238
2017-10-14T19:00:00Z,VPD (kPa),2.0535,Tubbs,74238
2017-10-14T20:00:00Z,GOES Active Fire detections,0,Tubbs,74238
2017-10-14T20:00:00Z,VPD (kPa),2.3806,Tubbs,74238
2017-10-14T21:00:00Z,GOES Active Fire detections,0,Tubbs,74238
2017-10-14T21:00:00Z,VPD (kPa),2.7142,Tubbs,74238
2017-10-14T22:00:00Z,GOES Active Fire detections,0,Tubbs,74238
2017-10-14T22:00:00Z,VPD (kPa),3.1059,Tubbs,74238
2017-10-14T23:00:00Z,GOES Active Fire detections,5,Tubbs,74238
2017-10-14T23:00:00Z,VPD (kPa),3.144,Tubbs,74238
2017-10-15T00:00:00Z,GOES Active Fire detections,2,Tubbs,74238
2017-10-15T00:00:00Z,VPD (kPa),3.1754,Tubbs,74238
2017-10-15T01:00:00Z,GOES Active Fire detections,0,Tubbs,74238
2017-10-15T01:00:00Z,VPD (kPa),3.0938,Tubbs,74238
2017-10-15T02:00:00Z,GOES Active Fire detections,1,Tubbs,74238
2017-10-15T02:00:00Z,VPD (kPa),2.8671,Tubbs,74238
2017-10-15T03:00:00Z,GOES Active Fire detections,0,Tubbs,74238
2017-10-15T03:00:00Z,VPD (kPa),2.217,Tubbs,74238
2017-10-15T04:00:00Z,GOES Active Fire detections,0,Tubbs,74238
2017-10-15T04:00:00Z,VPD (kPa),1.9501,Tubbs,74238
2017-10-15T05:00:00Z,GOES Active Fire detections,0,Tubbs,74238
2017-10-15T05:00:00Z,VPD (kPa),1.8271,Tubbs,74238
2017-10-15T06:00:00Z,GOES Active Fire detections,0,Tubbs,74238
2017-10-15T06:00:00Z,VPD (kPa),1.3357,Tubbs,74238
2017-10-15T07:00:00Z,GOES Active Fire detections,0,Tubbs,74238
2017-10-15T07:00:00Z,VPD (kPa),1.1134,Tubbs,74238
2017-10-15T08:00:00Z,GOES Active Fire detections,0,Tubbs,74238
2017-10-15T08:00:00Z,VPD (kPa),1.012,Tubbs,74238
2017-10-15T09:00:00Z,GOES Active Fire detections,1,Tubbs,74238
2017-10-15T09:00:00Z,VPD (kPa),0.83715,Tubbs,74238
2017-10-15T10:00:00Z,GOES Active Fire detections,7,Tubbs,74238
2017-10-15T10:00:00Z,VPD (kPa),0.65613,Tubbs,74238
2017-10-15T11:00:00Z,GOES Active Fire detections,0,Tubbs,74238
2017-10-15T11:00:00Z,VPD (kPa),0.53734,Tubbs,74238
2017-10-15T12:00:00Z,GOES Active Fire detections,2,Tubbs,74238
2017-10-15T12:00:00Z,VPD (kPa),0.5161,Tubbs,74238
2017-10-15T13:00:00Z,GOES Active Fire detections,0,Tubbs,74238
2017-10-15T13:00:00Z,VPD (kPa),0.53589,Tubbs,74238
2017-10-15T14:00:00Z,GOES Active Fire detections,0,Tubbs,74238
2017-10-15T14:00:00Z,VPD (kPa),0.55184,Tubbs,74238
2017-10-15T15:00:00Z,GOES Active Fire detections,0,Tubbs,74238
2017-10-15T15:00:00Z,VPD (kPa),0.55123,Tubbs,74238
2017-10-15T16:00:00Z,GOES Active Fire detections,0,Tubbs,74238
2017-10-15T16:00:00Z,VPD (kPa),0.56924,Tubbs,74238
2017-10-15T17:00:00Z,GOES Active Fire detections,0,Tubbs,74238
2017-10-15T17:00:00Z,VPD (kPa),1.0418,Tubbs,74238
2017-10-15T18:00:00Z,GOES Active Fire detections,0,Tubbs,74238
2017-10-15T18:00:00Z,VPD (kPa),1.6021,Tubbs,74238
2017-10-15T19:00:00Z,GOES Active Fire detections,0,Tubbs,74238
2017-10-15T19:00:00Z,VPD (kPa),2.2065,Tubbs,74238
2017-10-15T20:00:00Z,GOES Active Fire detections,0,Tubbs,74238
2017-10-15T20:00:00Z,VPD (kPa),2.4922,Tubbs,74238
2017-10-15T21:00:00Z,GOES Active Fire detections,0,Tubbs,74238
2017-10-15T21:00:00Z,VPD (kPa),2.7068,Tubbs,74238
2017-10-15T22:00:00Z,GOES Active Fire detections,0,Tubbs,74238
2017-10-15T22:00:00Z,VPD (kPa),3.0259,Tubbs,74238
2017-10-15T23:00:00Z,GOES Active Fire detections,3,Tubbs,74238
2017-10-15T23:00:00Z,VPD (kPa),3.2949,Tubbs,74238
2017-10-16T00:00:00Z,GOES Active Fire detections,0,Tubbs,74238
2017-10-16T00:00:00Z,VPD (kPa),3.3237,Tubbs,74238
2017-10-16T01:00:00Z,GOES Active Fire detections,0,Tubbs,74238
2017-10-16T01:00:00Z,VPD (kPa),3.0654,Tubbs,74238
2017-10-16T02:00:00Z,GOES Active Fire detections,0,Tubbs,74238
2017-10-16T02:00:00Z,VPD (kPa),2.4144,Tubbs,74238
2017-10-16T03:00:00Z,GOES Active Fire detections,0,Tubbs,74238
2017-10-16T03:00:00Z,VPD (kPa),2.8815,Tubbs,74238
2017-10-16T04:00:00Z,GOES Active Fire detections,0,Tubbs,74238
2017-10-16T04:00:00Z,VPD (kPa),2.0717,Tubbs,74238
2017-10-16T05:00:00Z,GOES Active Fire detections,0,Tubbs,74238
2017-10-16T05:00:00Z,VPD (kPa),1.7627,Tubbs,74238
2017-10-16T06:00:00Z,GOES Active Fire detections,0,Tubbs,74238
2017-10-16T06:00:00Z,VPD (kPa),1.2747,Tubbs,74238
2017-10-16T07:00:00Z,GOES Active Fire detections,0,Tubbs,74238
2017-10-16T07:00:00Z,VPD (kPa),1.1553,Tubbs,74238
2017-10-16T08:00:00Z,GOES Active Fire detections,0,Tubbs,74238
2017-10-16T08:00:00Z,VPD (kPa),1.0531,Tubbs,74238
2017-10-16T09:00:00Z,GOES Active Fire detections,0,Tubbs,74238
2017-10-16T09:00:00Z,VPD (kPa),0.91245,Tubbs,74238
2017-10-16T10:00:00Z,GOES Active Fire detections,0,Tubbs,74238
2017-10-16T10:00:00Z,VPD (kPa),0.803,Tubbs,74238
2017-10-16T11:00:00Z,GOES Active Fire detections,0,Tubbs,74238
2017-10-16T11:00:00Z,VPD (kPa),0.56279,Tubbs,74238
2017-10-16T12:00:00Z,GOES Active Fire detections,0,Tubbs,74238
2017-10-16T12:00:00Z,VPD (kPa),0.48472,Tubbs,74238
2017-10-16T13:00:00Z,GOES Active Fire detections,0,Tubbs,74238
2017-10-16T13:00:00Z,VPD (kPa),0.42097,Tubbs,74238
2017-10-16T14:00:00Z,GOES Active Fire detections,0,Tubbs,74238
2017-10-16T14:00:00Z,VPD (kPa),0.38179,Tubbs,74238
2017-10-16T15:00:00Z,GOES Active Fire detections,0,Tubbs,74238
2017-10-16T15:00:00Z,VPD (kPa),0.38938,Tubbs,74238
2017-10-16T16:00:00Z,GOES Active Fire detections,0,Tubbs,74238
2017-10-16T16:00:00Z,VPD (kPa),0.50486,Tubbs,74238
2017-10-16T17:00:00Z,GOES Active Fire detections,0,Tubbs,74238
2017-10-16T17:00:00Z,VPD (kPa),0.81933,Tubbs,74238
2017-10-16T18:00:00Z,GOES Active Fire detections,0,Tubbs,74238
2017-10-16T18:00:00Z,VPD (kPa),1.5688,Tubbs,74238
2017-10-16T19:00:00Z,GOES Active Fire detections,0,Tubbs,74238
2017-10-16T19:00:00Z,VPD (kPa),2.1144,Tubbs,74238
2017-10-16T20:00:00Z,GOES Active Fire detections,0,Tubbs,74238
2017-10-16T20:00:00Z,VPD (kPa),2.4706,Tubbs,74238
2017-10-16T21:00:00Z,GOES Active Fire detections,0,Tubbs,74238
2017-10-16T21:00:00Z,VPD (kPa),2.7919,Tubbs,74238
2017-10-16T22:00:00Z,GOES Active Fire detections,0,Tubbs,74238
2017-10-16T22:00:00Z,VPD (kPa),3.2379,Tubbs,74238
2017-10-16T23:00:00Z,GOES Active Fire detections,0,Tubbs,74238
2017-10-16T23:00:00Z,VPD (kPa),3.3598,Tubbs,74238
2017-10-17T00:00:00Z,GOES Active Fire detections,0,Tubbs,74238
2017-10-17T00:00:00Z,VPD (kPa),3.3282,Tubbs,74238
2017-10-17T01:00:00Z,GOES Active Fire detections,0,Tubbs,74238
2017-10-17T01:00:00Z,VPD (kPa),3.1956,Tubbs,74238
2017-10-17T02:00:00Z,GOES Active Fire detections,0,Tubbs,74238
2017-10-17T02:00:00Z,VPD (kPa),2.3854,Tubbs,74238
2017-10-17T03:00:00Z,GOES Active Fire detections,0,Tubbs,74238
2017-10-17T03:00:00Z,VPD (kPa),2.4468,Tubbs,74238
2017-10-17T04:00:00Z,GOES Active Fire detections,0,Tubbs,74238
2017-10-17T04:00:00Z,VPD (kPa),1.8706,Tubbs,74238
2017-10-17T05:00:00Z,GOES Active Fire detections,0,Tubbs,74238
2017-10-17T05:00:00Z,VPD (kPa),1.577,Tubbs,74238
2017-10-17T06:00:00Z,GOES Active Fire detections,0,Tubbs,74238
2017-10-17T06:00:00Z,VPD (kPa),1.0821,Tubbs,74238
2017-10-17T07:00:00Z,GOES Active Fire detections,0,Tubbs,74238
2017-10-17T07:00:00Z,VPD (kPa),1.059,Tubbs,74238
2017-10-17T08:00:00Z,GOES Active Fire detections,0,Tubbs,74238
2017-10-17T08:00:00Z,VPD (kPa),0.98102,Tubbs,74238
2017-10-17T09:00:00Z,GOES Active Fire detections,0,Tubbs,74238
2017-10-17T09:00:00Z,VPD (kPa),0.95498,Tubbs,74238
2017-10-17T10:00:00Z,GOES Active Fire detections,0,Tubbs,74238
2017-10-17T10:00:00Z,VPD (kPa),0.93019,Tubbs,74238
2017-10-17T11:00:00Z,GOES Active Fire detections,0,Tubbs,74238
2017-10-17T11:00:00Z,VPD (kPa),0.7456,Tubbs,74238
2017-10-17T12:00:00Z,GOES Active Fire detections,0,Tubbs,74238
2017-10-17T12:00:00Z,VPD (kPa),0.66806,Tubbs,74238
2017-10-17T13:00:00Z,GOES Active Fire detections,0,Tubbs,74238
2017-10-17T13:00:00Z,VPD (kPa),0.61914,Tubbs,74238
2017-10-17T14:00:00Z,GOES Active Fire detections,0,Tubbs,74238
2017-10-17T14:00:00Z,VPD (kPa),0.55809,Tubbs,74238
2017-10-17T15:00:00Z,GOES Active Fire detections,0,Tubbs,74238
2017-10-17T15:00:00Z,VPD (kPa),0.58444,Tubbs,74238
2017-10-17T16:00:00Z,GOES Active Fire detections,0,Tubbs,74238
2017-10-17T16:00:00Z,VPD (kPa),0.70476,Tubbs,74238
2017-10-17T17:00:00Z,GOES Active Fire detections,0,Tubbs,74238
2017-10-17T17:00:00Z,VPD (kPa),1.0388,Tubbs,74238
2017-10-17T18:00:00Z,GOES Active Fire detections,0,Tubbs,74238
2017-10-17T18:00:00Z,VPD (kPa),1.6688,Tubbs,74238
2017-10-17T19:00:00Z,GOES Active Fire detections,0,Tubbs,74238
2017-10-17T19:00:00Z,VPD (kPa),2.1341,Tubbs,74238
2017-10-17T20:00:00Z,GOES Active Fire detections,0,Tubbs,74238
2017-10-17T20:00:00Z,VPD (kPa),2.4233,Tubbs,74238
2017-10-17T21:00:00Z,GOES Active Fire detections,0,Tubbs,74238
2017-10-17T21:00:00Z,VPD (kPa),2.7108,Tubbs,74238
2017-10-17T22:00:00Z,GOES Active Fire detections,0,Tubbs,74238
2017-10-17T22:00:00Z,VPD (kPa),3.1616,Tubbs,74238
2017-10-17T23:00:00Z,GOES Active Fire detections,0,Tubbs,74238
2017-10-17T23:00:00Z,VPD (kPa),3.1063,Tubbs,74238
2017-10-18T00:00:00Z,GOES Active Fire detections,0,Tubbs,74238
2017-10-18T00:00:00Z,VPD (kPa),2.8817,Tubbs,74238
2017-10-18T01:00:00Z,GOES Active Fire detections,0,Tubbs,74238
2017-10-18T01:00:00Z,VPD (kPa),2.6442,Tubbs,74238
2017-10-18T02:00:00Z,GOES Active Fire detections,0,Tubbs,74238
2017-10-18T02:00:00Z,VPD (kPa),2.0314,Tubbs,74238
2017-10-18T03:00:00Z,GOES Active Fire detections,0,Tubbs,74238
2017-10-18T03:00:00Z,VPD (kPa),1.3723,Tubbs,74238
2017-10-18T04:00:00Z,GOES Active Fire detections,0,Tubbs,74238
2017-10-18T04:00:00Z,VPD (kPa),0.75954,Tubbs,74238
2017-10-18T05:00:00Z,GOES Active Fire detections,0,Tubbs,74238
2017-10-18T05:00:00Z,VPD (kPa),0.82531,Tubbs,74238
2017-10-18T06:00:00Z,GOES Active Fire detections,0,Tubbs,74238
2017-10-18T06:00:00Z,VPD (kPa),0.69654,Tubbs,74238
2017-10-18T07:00:00Z,GOES Active Fire detections,0,Tubbs,74238
2017-10-18T07:00:00Z,VPD (kPa),0.62059,Tubbs,74238
2017-10-18T08:00:00Z,GOES Active Fire detections,0,Tubbs,74238
2017-10-18T08:00:00Z,VPD (kPa),0.58089,Tubbs,74238
2017-10-18T09:00:00Z,GOES Active Fire detections,0,Tubbs,74238
2017-10-18T09:00:00Z,VPD (kPa),0.55132,Tubbs,74238
2017-10-18T10:00:00Z,GOES Active Fire detections,0,Tubbs,74238
2017-10-18T10:00:00Z,VPD (kPa),0.47573,Tubbs,74238
2017-10-18T11:00:00Z,GOES Active Fire detections,0,Tubbs,74238
2017-10-18T11:00:00Z,VPD (kPa),0.27861,Tubbs,74238
2017-10-18T12:00:00Z,GOES Active Fire detections,0,Tubbs,74238
2017-10-18T12:00:00Z,VPD (kPa),0.23384,Tubbs,74238
2017-10-18T13:00:00Z,GOES Active Fire detections,0,Tubbs,74238
2017-10-18T13:00:00Z,VPD (kPa),0.22371,Tubbs,74238
2017-10-18T14:00:00Z,GOES Active Fire detections,0,Tubbs,74238
2017-10-18T14:00:00Z,VPD (kPa),0.20227,Tubbs,74238
2017-10-18T15:00:00Z,GOES Active Fire detections,0,Tubbs,74238
2017-10-18T15:00:00Z,VPD (kPa),0.18475,Tubbs,74238
2017-10-18T16:00:00Z,GOES Active Fire detections,0,Tubbs,74238
2017-10-18T16:00:00Z,VPD (kPa),0.27318,Tubbs,74238
2017-10-18T17:00:00Z,GOES Active Fire detections,0,Tubbs,74238
2017-10-18T17:00:00Z,VPD (kPa),0.48111,Tubbs,74238
2017-10-18T18:00:00Z,GOES Active Fire detections,0,Tubbs,74238
2017-10-18T18:00:00Z,VPD (kPa),1.0132,Tubbs,74238
2017-10-18T19:00:00Z,GOES Active Fire detections,0,Tubbs,74238
2017-10-18T19:00:00Z,VPD (kPa),1.3172,Tubbs,74238
2017-10-18T20:00:00Z,GOES Active Fire detections,0,Tubbs,74238
2017-10-18T20:00:00Z,VPD (kPa),1.5872,Tubbs,74238
2017-10-18T21:00:00Z,GOES Active Fire detections,0,Tubbs,74238
2017-10-18T21:00:00Z,VPD (kPa),1.7642,Tubbs,74238
2017-10-18T22:00:00Z,GOES Active Fire detections,0,Tubbs,74238
2017-10-18T22:00:00Z,VPD (kPa),2.1439,Tubbs,74238
2017-10-18T23:00:00Z,GOES Active Fire detections,0,Tubbs,74238
2017-10-18T23:00:00Z,VPD (kPa),1.8237,Tubbs,74238
2017-10-19T00:00:00Z,GOES Active Fire detections,0,Tubbs,74238
2017-10-19T00:00:00Z,VPD (kPa),1.5942,Tubbs,74238
2017-10-19T01:00:00Z,GOES Active Fire detections,0,Tubbs,74238
2017-10-19T01:00:00Z,VPD (kPa),1.3724,Tubbs,74238
2017-10-19T02:00:00Z,GOES Active Fire detections,0,Tubbs,74238
2017-10-19T02:00:00Z,VPD (kPa),1.1218,Tubbs,74238
2017-10-19T03:00:00Z,GOES Active Fire detections,0,Tubbs,74238
2017-10-19T03:00:00Z,VPD (kPa),0.71574,Tubbs,74238
2017-10-19T04:00:00Z,GOES Active Fire detections,0,Tubbs,74238
2017-10-19T04:00:00Z,VPD (kPa),0.35713,Tubbs,74238
2017-10-19T05:00:00Z,GOES Active Fire detections,0,Tubbs,74238
2017-10-19T05:00:00Z,VPD (kPa),0.23984,Tubbs,74238
2017-10-19T06:00:00Z,GOES Active Fire detections,0,Tubbs,74238
2017-10-19T06:00:00Z,VPD (kPa),0.20653,Tubbs,74238
2017-10-19T07:00:00Z,GOES Active Fire detections,0,Tubbs,74238
2017-10-19T07:00:00Z,VPD (kPa),0.19272,Tubbs,74238
2017-10-19T08:00:00Z,GOES Active Fire detections,0,Tubbs,74238
2017-10-19T08:00:00Z,VPD (kPa),0.15032,Tubbs,74238
2017-10-19T09:00:00Z,GOES Active Fire detections,0,Tubbs,74238
2017-10-19T09:00:00Z,VPD (kPa),0.10652,Tubbs,74238
2017-10-19T10:00:00Z,GOES Active Fire detections,0,Tubbs,74238
2017-10-19T10:00:00Z,VPD (kPa),0.11975,Tubbs,74238
2017-10-19T11:00:00Z,GOES Active Fire detections,0,Tubbs,74238
2017-10-19T11:00:00Z,VPD (kPa),0.022748,Tubbs,74238
2017-10-19T12:00:00Z,GOES Active Fire detections,0,Tubbs,74238
2017-10-19T12:00:00Z,VPD (kPa),0.022996,Tubbs,74238
2017-10-19T13:00:00Z,GOES Active Fire detections,0,Tubbs,74238
2017-10-19T13:00:00Z,VPD (kPa),0.050044,Tubbs,74238
2017-10-19T14:00:00Z,GOES Active Fire detections,0,Tubbs,74238
2017-10-19T14:00:00Z,VPD (kPa),0.074812,Tubbs,74238
2017-10-19T15:00:00Z,GOES Active Fire detections,0,Tubbs,74238
2017-10-19T15:00:00Z,VPD (kPa),0.10509,Tubbs,74238
2017-10-19T16:00:00Z,GOES Active Fire detections,0,Tubbs,74238
2017-10-19T16:00:00Z,VPD (kPa),0.20622,Tubbs,74238
2017-10-19T17:00:00Z,GOES Active Fire detections,0,Tubbs,74238
2017-10-19T17:00:00Z,VPD (kPa),0.33822,Tubbs,74238
2017-10-19T18:00:00Z,GOES Active Fire detections,0,Tubbs,74238
2017-10-19T18:00:00Z,VPD (kPa),0.43751,Tubbs,74238
2017-10-19T19:00:00Z,GOES Active Fire detections,0,Tubbs,74238
2017-10-19T19:00:00Z,VPD (kPa),0.54276,Tubbs,74238
2017-10-19T20:00:00Z,GOES Active Fire detections,0,Tubbs,74238
2017-10-19T20:00:00Z,VPD (kPa),0.62365,Tubbs,74238
2017-10-19T21:00:00Z,GOES Active Fire detections,0,Tubbs,74238
2017-10-19T21:00:00Z,VPD (kPa),0.61783,Tubbs,74238
2017-10-19T22:00:00Z,GOES Active Fire detections,0,Tubbs,74238
2017-10-19T22:00:00Z,VPD (kPa),0.72706,Tubbs,74238
2017-10-19T23:00:00Z,GOES Active Fire detections,0,Tubbs,74238
2017-10-19T23:00:00Z,VPD (kPa),0.60575,Tubbs,74238
